Per°odo;1ß Quartil - Pa°s - Apartamentos;Mediana - Pa°s - Apartamentos;3ß Quartil - Pa°s - Apartamentos;1ß Quartil - Continente - Apartamentos;Mediana - Continente - Apartamentos;3ß Quartil - Continente - Apartamentos;1ß Quartil - Norte - Apartamentos;Mediana - Norte - Apartamentos;3ß Quartil - Norte - Apartamentos;1ß Quartil - Alto Minho - Apartamentos;Mediana - Alto Minho - Apartamentos;3ß Quartil - Alto Minho - Apartamentos;1ß Quartil - C†vado - Apartamentos;Mediana - C†vado - Apartamentos;3ß Quartil - C†vado - Apartamentos;1ß Quartil - Ave - Apartamentos;Mediana - Ave - Apartamentos;3ß Quartil - Ave - Apartamentos;1ß Quartil - µrea Metropolitana do Porto - Apartamentos;Mediana - µrea Metropolitana do Porto - Apartamentos;3ß Quartil - µrea Metropolitana do Porto - Apartamentos;1ß Quartil - Alto TÉmega - Apartamentos;Mediana - Alto TÉmega - Apartamentos;3ß Quartil - Alto TÉmega - Apartamentos;1ß Quartil - TÉmega e Sousa - Apartamentos;Mediana - TÉmega e Sousa - Apartamentos;3ß Quartil - TÉmega e Sousa - Apartamentos;1ß Quartil - Douro - Apartamentos;Mediana - Douro - Apartamentos;3ß Quartil - Douro - Apartamentos;1ß Quartil - Terras de Tr†s-os-Montes - Apartamentos;Mediana - Terras de Tr†s-os-Montes - Apartamentos;3ß Quartil - Terras de Tr†s-os-Montes - Apartamentos;1ß Quartil - Centro - Apartamentos;Mediana - Centro - Apartamentos;3ß Quartil - Centro - Apartamentos;1ß Quartil - Oeste - Apartamentos;Mediana - Oeste - Apartamentos;3ß Quartil - Oeste - Apartamentos;1ß Quartil - Regi∆o de Aveiro - Apartamentos;Mediana - Regi∆o de Aveiro - Apartamentos;3ß Quartil - Regi∆o de Aveiro - Apartamentos;1ß Quartil - Regi∆o de Coimbra - Apartamentos;Mediana - Regi∆o de Coimbra - Apartamentos;3ß Quartil - Regi∆o de Coimbra - Apartamentos;1ß Quartil - Regi∆o de Leiria - Apartamentos;Mediana - Regi∆o de Leiria - Apartamentos;3ß Quartil - Regi∆o de Leiria - Apartamentos;1ß Quartil - Viseu D∆o Laf‰es - Apartamentos;Mediana - Viseu D∆o Laf‰es - Apartamentos;3ß Quartil - Viseu D∆o Laf‰es - Apartamentos;1ß Quartil - Beira Baixa - Apartamentos;Mediana - Beira Baixa - Apartamentos;3ß Quartil - Beira Baixa - Apartamentos;1ß Quartil - MÇdio Tejo - Apartamentos;Mediana - MÇdio Tejo - Apartamentos;3ß Quartil - MÇdio Tejo - Apartamentos;1ß Quartil - Beiras e Serra da Estrela - Apartamentos;Mediana - Beiras e Serra da Estrela - Apartamentos;3ß Quartil - Beiras e Serra da Estrela - Apartamentos;1ß Quartil - µrea Metropolitana de Lisboa - Apartamentos;Mediana - µrea Metropolitana de Lisboa - Apartamentos;3ß Quartil - µrea Metropolitana de Lisboa - Apartamentos;1ß Quartil - Alentejo - Apartamentos;Mediana - Alentejo - Apartamentos;3ß Quartil - Alentejo - Apartamentos;1ß Quartil - Alentejo Litoral - Apartamentos;Mediana - Alentejo Litoral - Apartamentos;3ß Quartil - Alentejo Litoral - Apartamentos;1ß Quartil - Baixo Alentejo - Apartamentos;Mediana - Baixo Alentejo - Apartamentos;3ß Quartil - Baixo Alentejo - Apartamentos;1ß Quartil - Lez°ria do Tejo - Apartamentos;Mediana - Lez°ria do Tejo - Apartamentos;3ß Quartil - Lez°ria do Tejo - Apartamentos;1ß Quartil - Alto Alentejo - Apartamentos;Mediana - Alto Alentejo - Apartamentos;3ß Quartil - Alto Alentejo - Apartamentos;1ß Quartil - Alentejo Central - Apartamentos;Mediana - Alentejo Central - Apartamentos;3ß Quartil - Alentejo Central - Apartamentos;1ß Quartil - Algarve - Apartamentos;Mediana - Algarve - Apartamentos;3ß Quartil - Algarve - Apartamentos;1ß Quartil - Regi∆o Aut¢noma dos Aáores - Apartamentos;Mediana - Regi∆o Aut¢noma dos Aáores - Apartamentos;3ß Quartil - Regi∆o Aut¢noma dos Aáores - Apartamentos;1ß Quartil - Regi∆o Aut¢noma da Madeira - Apartamentos;Mediana - Regi∆o Aut¢noma da Madeira - Apartamentos;3ß Quartil - Regi∆o Aut¢noma da Madeira - Apartamentos
jan/11;736;925;1201;732;920;1200;630;739;902;627;748;927;574;693;811;597;671;778;666;782;982;589;672;853;566;631;719;556;665;752;601;661;735;618;756;932;705;821;1019;616;757;987;711;878;1109;587;682;796;585;706;895;605;675;755;562;659;786;531;654;764;880;1072;1411;704;829;979;802;940;1121;814;893;984;654;718;841;696;766;814;827;994;1132;948;1127;1424;897;990;1130;938;1066;1255
fev/11;741;938;1244;736;931;1240;630;749;941;623;735;929;581;708;842;600;677;780;668;794;1000;599;672;828;571;631;732;574;670;819;600;669;775;617;765;974;714;829;1047;617;772;1026;691;877;1174;600;704;880;590;699;889;581;677;780;560;654;803;519;627;778;880;1083;1466;703;830;1000;802;931;1089;845;938;1143;655;717;852;683;767;839;826;956;1100;945;1132;1416;916;1024;1163;947;1126;1353
mar/11;745;949;1292;740;943;1290;629;759;965;640;765;962;555;685;854;592;672;766;667;800;1035;602;673;746;564;631;760;614;722;910;598;672;800;614;760;988;698;854;1051;618;772;1042;680;877;1185;580;669;862;581;693;870;603;689;786;545;661;830;531;631;809;877;1098;1515;704;840;1032;826;934;1131;822;941;1238;649;724;872;633;781;873;830;991;1198;945;1126;1435;923;1000;1163;945;1130;1385
abr/11;746;950;1304;742;945;1300;625;764;967;678;833;964;556;684;833;595;676;764;660;812;1047;...;...;...;546;625;746;602;738;925;579;649;847;616;765;1000;703;854;1064;637;782;1024;676;880;1146;577;659;866;579;708;900;600;701;832;551;689;802;527;606;744;871;1097;1512;709;854;1032;827;922;1139;781;943;1205;652;736;879;683;781;905;838;1000;1212;944;1135;1438;923;1003;1171;952;1164;1532
mai/11;734;933;1265;730;929;1265;615;750;943;675;834;970;538;676;830;583;671;764;649;798;1006;...;...;...;541;617;713;600;748;878;566;645;721;600;746;952;688;839;1021;618;761;998;695;882;1132;542;645;813;556;689;850;589;675;778;558;693;830;526;603;710;862;1085;1471;689;823;1003;793;915;1100;745;871;984;634;716;873;666;734;882;817;1013;1205;953;1136;1464;898;991;1198;934;1082;1333
jun/11;721;912;1204;718;907;1203;605;737;908;649;815;932;537;683;834;571;657;779;635;780;966;...;...;...;526;614;699;577;708;826;603;698;772;600;744;944;660;800;985;619;770;1000;713;894;1116;543;648;825;568;731;857;577;675;776;569;671;776;516;600;711;850;1055;1412;674;799;970;783;910;1044;766;900;984;624;701;810;636;694;790;789;941;1146;943;1129;1438;894;1005;1195;947;1075;1261
jul/11;708;902;1191;706;897;1189;600;729;907;627;756;900;533;688;870;561;636;741;634;769;971;...;...;...;511;600;689;567;665;826;599;698;767;597;738;952;658;789;991;659;797;1000;732;940;1178;528;647;833;590;726;850;543;653;717;531;641;730;520;605;706;839;1039;1400;658;787;951;787;919;1051;...;...;...;607;695;795;613;676;754;792;926;1094;932;1121;1462;908;1007;1198;955;1071;1218
ago/11;701;889;1181;698;883;1180;600;728;924;610;732;894;543;686;869;547;630;736;633;764;992;...;...;...;507;605;694;539;659;824;...;...;...;598;733;948;653;761;965;669;822;1055;724;927;1169;564;647;842;552;691;830;543;639;719;517;620;707;520;598;703;821;1027;1378;657;790;951;815;930;1052;...;...;...;599;692;783;608;670;785;806;937;1072;901;1099;1438;889;961;1153;957;1080;1193
set/11;697;882;1180;694;878;1179;600;722;913;646;714;881;554;681;836;570;658;741;637;762;992;...;...;...;483;580;683;521;660;777;...;...;...;596;733;934;659;794;1011;640;791;952;713;914;1137;556;637;787;554;723;831;...;...;...;520;618;710;536;598;696;816;1024;1396;645;783;933;796;909;1052;755;859;990;584;685;774;548;670;779;785;923;1059;915;1094;1425;...;...;...;889;1058;1255
out/11;683;869;1164;680;864;1163;595;718;895;680;789;892;556;660;813;553;649;736;621;755;968;...;...;...;484;577;675;586;688;842;585;693;844;585;704;898;640;749;929;602;742;945;665;851;1101;529;625;724;529;648;810;532;602;714;538;627;805;543;632;704;810;1019;1392;625;768;931;813;927;1095;720;850;962;584;653;768;...;...;...;736;847;1008;917;1096;1420;...;...;...;875;1048;1223
nov/11;677;857;1146;674;852;1145;590;718;891;694;800;929;563;669;818;566;673;778;613;755;966;...;...;...;484;565;630;555;678;816;496;624;718;576;696;888;621;774;985;582;706;910;659;846;1047;522;624;699;537;676;822;501;575;674;534;637;767;567;674;740;797;1000;1380;618;756;907;829;931;1181;...;...;...;584;656;770;...;...;...;730;825;989;918;1095;1346;821;993;1129;877;1007;1249
dez/11;667;841;1130;664;838;1128;579;708;883;675;802;977;565;680;826;534;654;759;597;735;941;...;...;...;496;564;649;576;661;824;500;600;695;568;691;870;620;750;875;584;707;886;665;845;1076;519;626;713;523;650;790;503;593;695;495;625;764;539;614;724;780;976;1340;625;759;930;842;979;1107;...;...;...;588;656;776;...;...;...;728;819;1004;899;1072;1361;821;993;1122;853;987;1219
jan/12;666;834;1113;662;830;1109;570;701;880;662;763;981;548;709;834;537;669;763;592;718;935;...;...;...;488;540;649;515;623;750;...;...;...;562;695;873;619;758;888;597;706;873;683;858;1104;494;621;733;532;660;786;521;594;692;508;621;741;531;581;726;772;960;1315;650;794;931;847;973;1101;...;...;...;585;679;788;...;...;...;...;...;...;858;1037;1323;...;...;...;847;956;1216
fev/12;662;836;1114;659;833;1111;565;686;866;652;760;951;511;680;832;527;607;713;585;707;904;...;...;...;479;533;654;570;634;800;...;...;...;563;698;878;626;758;873;604;712;894;651;869;1139;516;624;764;539;663;780;552;621;733;529;630;769;525;570;672;772;964;1300;645;796;964;841;974;1071;...;...;...;550;647;771;...;...;...;699;892;1046;854;1020;1315;...;...;...;823;961;1216
mar/12;658;837;1114;655;833;1111;561;682;870;649;751;936;504;629;808;523;577;681;594;718;916;...;...;...;475;535;636;578;651;824;...;...;...;564;687;876;621;740;869;598;728;909;646;830;1051;537;620;748;531;662;757;...;...;...;536;637;809;522;576;664;765;962;1285;621;764;905;759;874;1041;...;...;...;555;664;760;...;...;...;700;892;1073;870;1028;1300;...;...;...;839;986;1226
abr/12;659;838;1107;656;835;1102;566;684;874;602;705;872;527;649;858;523;578;655;591;720;909;...;...;...;491;575;634;613;678;903;...;...;...;560;681;877;646;738;853;591;733;914;649;870;1064;533;619;742;483;633;738;504;560;619;529;636;814;502;572;639;759;962;1276;606;758;897;720;859;1031;...;...;...;564;656;759;...;...;...;715;886;1062;873;1010;1263;...;...;...;839;993;1230
mai/12;650;826;1089;647;823;1087;563;684;865;589;694;842;540;671;857;526;593;674;591;721;906;...;...;...;474;543;632;601;672;877;...;...;...;558;673;859;613;681;801;568;696;915;661;872;1072;534;602;705;482;642;761;508;572;675;505;619;758;497;571;628;752;944;1266;606;735;857;681;824;984;...;...;...;579;663;762;...;...;...;...;...;...;877;1028;1278;...;...;...;839;991;1177
jun/12;645;812;1066;641;810;1065;561;687;858;566;704;829;545;673;838;534;594;687;590;720;889;...;...;...;483;530;603;...;...;...;...;...;...;539;672;844;598;683;806;588;707;890;662;866;1113;499;573;694;451;580;763;499;581;675;490;593;735;493;571;659;756;942;1231;606;709;826;...;...;...;...;...;...;571;642;753;...;...;...;...;...;...;874;1014;1258;...;...;...;853;963;1117
jul/12;646;810;1067;644;807;1065;564;691;858;614;727;845;513;669;795;519;586;699;597;728;890;...;...;...;479;519;571;...;...;...;...;...;...;543;670;816;591;698;822;564;685;880;624;781;1051;499;583;696;460;665;805;522;618;732;489;588;703;509;572;662;761;938;1233;606;709;834;...;...;...;...;...;...;556;642;730;...;...;...;725;832;1009;866;1038;1277;...;...;...;854;967;1144
ago/12;647;808;1054;645;805;1053;566;698;852;625;795;865;539;675;790;510;577;717;597;723;880;...;...;...;490;533;591;...;...;...;...;...;...;542;667;816;614;740;846;563;685;882;616;781;1061;484;572;694;496;665;796;542;662;734;496;586;723;511;571;657;765;928;1217;593;723;865;...;...;...;...;...;...;545;625;723;...;...;...;765;900;1020;833;1015;1267;...;...;...;869;980;1129
set/12;647;816;1069;645;812;1065;562;686;845;675;768;870;504;671;877;500;556;679;590;714;879;...;...;...;490;538;645;...;...;...;...;...;...;551;667;820;608;714;841;555;687;945;587;776;1000;481;595;704;551;674;806;607;697;753;498;584;679;508;574;648;762;931;1231;600;729;868;819;883;1009;...;...;...;549;618;709;...;...;...;740;851;909;843;1040;1255;...;...;...;837;1012;1180
out/12;642;809;1058;637;803;1054;559;679;834;625;745;867;530;642;810;500;548;669;593;712;880;...;...;...;499;539;637;560;667;736;...;...;...;547;662;826;598;692;820;575;731;914;629;807;1062;479;585;704;517;645;791;512;668;739;500;577;681;491;584;663;747;914;1218;589;709;843;...;...;...;...;...;...;557;628;717;...;...;...;715;814;906;833;1016;1229;...;...;...;840;1032;1324
nov/12;636;803;1046;633;797;1036;551;661;833;613;711;835;486;621;776;489;583;675;588;696;888;...;...;...;489;534;632;549;616;707;...;...;...;531;669;816;576;691;813;614;738;911;626;776;977;481;584;736;492;625;752;502;617;726;495;575;681;488;600;730;740;903;1213;607;717;845;...;...;...;...;...;...;573;631;717;...;...;...;710;791;881;822;987;1226;...;...;...;836;1034;1250
dez/12;632;795;1026;628;789;1020;546;654;826;581;689;798;491;623;776;494;582;674;579;694;878;...;...;...;474;527;606;539;616;743;...;...;...;525;666;815;576;691;826;577;677;871;631;776;1045;476;563;726;487;625;755;494;584;684;475;556;689;514;627;741;741;904;1201;601;714;844;...;...;...;...;...;...;578;653;736;...;...;...;691;798;898;812;947;1213;...;...;...;824;1008;1233
jan/13;625;787;1011;621;783;1004;539;651;816;588;732;880;477;612;771;496;583;647;571;681;862;...;...;...;471;523;601;535;590;714;...;...;...;525;667;800;549;685;823;569;671;870;598;759;1036;489;576;734;497;629;723;505;573;643;496;599;715;532;625;730;738;902;1181;593;738;856;...;...;...;...;...;...;569;647;746;...;...;...;732;838;969;794;943;1177;...;...;...;812;971;1216
fev/13;613;776;1000;611;773;1000;538;651;816;628;732;870;483;610;798;471;563;639;573;688;858;...;...;...;471;527;600;530;583;761;...;...;...;511;634;784;600;679;816;500;621;810;613;782;1069;457;551;667;501;582;721;496;549;610;467;575;711;497;572;677;727;894;1163;583;716;863;...;...;...;...;...;...;565;677;759;...;...;...;692;867;960;769;928;1045;...;...;...;817;971;1310
mar/13;608;769;1000;605;765;994;535;652;816;618;713;835;471;584;793;482;555;627;571;684;866;...;...;...;472;527;586;521;587;771;...;...;...;510;624;780;552;665;782;517;615;738;599;783;1038;483;551;696;509;580;700;483;578;636;472;583;719;471;519;594;714;878;1148;582;707;845;...;...;...;...;...;...;545;639;711;...;...;...;...;...;...;772;928;1067;...;...;...;803;980;1208
abr/13;606;771;1000;603;767;1000;538;652;821;622;704;807;499;662;798;477;560;641;569;690;874;...;...;...;461;527;570;536;601;772;...;...;...;500;621;780;551;665;781;537;622;739;599;773;1038;452;522;676;498;562;700;485;591;675;415;514;682;470;521;631;707;883;1140;582;678;805;...;...;...;...;...;...;557;639;715;...;...;...;618;692;817;791;919;1105;...;...;...;778;928;1191
mai/13;613;786;1019;609;783;1017;535;650;819;616;704;863;511;615;785;485;562;648;556;682;865;...;...;...;483;531;568;563;616;763;...;...;...;505;639;808;510;668;784;549;652;774;611;798;1026;462;531;719;498;580;707;...;...;...;424;533;681;473;539;630;727;900;1162;575;670;803;...;...;...;...;...;...;557;634;703;...;...;...;594;658;812;807;941;1184;...;...;...;738;883;1148
jun/13;619;800;1032;617;796;1030;539;652;836;631;727;943;510;595;774;500;577;672;557;687;874;...;...;...;499;536;583;...;...;...;...;...;...;518;655;823;535;677;800;581;684;856;606;778;1040;427;565;698;502;632;744;...;...;...;415;517;666;484;561;660;733;911;1185;585;675;816;...;...;...;...;...;...;565;654;693;...;...;...;600;714;895;813;959;1180;...;...;...;759;921;1167
jul/13;623;799;1043;619;794;1039;538;656;831;589;707;919;488;588;792;502;577;677;556;686;869;...;...;...;504;539;583;...;...;...;...;...;...;539;659;826;571;722;868;549;660;830;629;795;1000;443;575;655;523;620;740;...;...;...;459;572;667;488;539;660;737;930;1226;584;677;833;...;...;...;...;...;...;554;629;678;...;...;...;607;833;989;797;946;1140;...;...;...;781;968;1271
ago/13;618;795;1051;614;791;1045;534;658;844;629;794;997;482;593;792;500;580;681;553;689;893;...;...;...;484;520;580;...;...;...;...;...;...;534;655;816;569;710;873;535;659;924;601;767;1029;457;578;648;520;640;740;...;...;...;456;610;706;482;557;694;728;926;1231;592;695;840;...;...;...;...;...;...;547;621;681;...;...;...;...;...;...;794;946;1171;...;...;...;821;966;1268
set/13;621;800;1075;617;794;1071;533;661;832;599;738;899;465;591;765;505;589;674;558;694;892;...;...;...;455;515;551;...;...;...;...;...;...;526;645;839;607;756;917;528;631;928;642;824;1038;462;553;657;502;596;662;...;...;...;455;554;687;488;572;694;733;942;1250;575;692;853;...;...;...;...;...;...;519;585;646;...;...;...;...;...;...;796;953;1233;...;...;...;846;1034;1325
out/13;625;802;1080;619;800;1079;526;652;824;625;743;877;467;575;739;493;542;644;549;688;886;...;...;...;448;507;570;...;...;...;...;...;...;531;656;843;555;699;858;556;662;927;636;824;1101;477;579;714;528;604;662;...;...;...;448;548;744;488;547;694;741;931;1264;569;685;823;...;...;...;...;...;...;512;615;687;...;...;...;...;...;...;826;1006;1316;...;...;...;814;928;1219
nov/13;625;799;1068;619;793;1063;528;649;812;576;669;830;480;593;722;504;578;643;553;685;865;...;...;...;452;514;612;...;...;...;...;...;...;527;646;834;561;681;867;540;644;847;633;818;1051;442;553;704;528;589;662;...;...;...;441;531;681;506;571;701;747;933;1250;560;652;817;...;...;...;...;...;...;541;615;688;...;...;...;...;...;...;833;996;1316;...;...;...;846;1024;1310
dez/13;621;794;1067;616;788;1055;537;654;811;597;699;855;486;595;745;510;600;696;568;691;865;...;...;...;451;523;612;...;...;...;...;...;...;520;645;810;564;699;837;522;636;774;608;771;1006;465;558;696;542;634;722;512;584;693;441;519;659;500;569;636;742;925;1250;573;674;798;...;...;...;...;...;...;540;637;709;...;...;...;...;...;...;851;1027;1330;...;...;...;843;1032;1404
jan/14;617;789;1067;612;783;1056;548;660;807;599;703;962;484;618;751;534;609;709;569;691;859;...;...;...;462;531;612;...;...;...;...;...;...;504;634;797;561;682;833;517;637;836;591;734;1000;431;519;630;485;576;682;515;609;714;447;519;648;470;570;652;737;932;1256;596;695;787;...;...;...;...;...;...;544;653;723;...;...;...;...;...;...;810;988;1294;...;...;...;869;1075;1361
fev/14;606;779;1059;602;774;1052;544;661;795;610;713;909;486;612;757;508;580;686;570;693;849;...;...;...;484;533;596;...;...;...;...;...;...;499;632;798;527;661;816;529;674;844;572;752;1068;439;549;645;453;543;655;539;633;721;458;539;649;449;537;671;707;919;1243;568;699;802;...;...;...;...;...;...;507;636;715;...;...;...;...;...;...;769;966;1264;801;896;962;848;1040;1258
mar/14;596;765;1021;593;758;1014;533;648;790;597;704;866;494;612;731;495;571;662;555;682;843;...;...;...;484;548;594;456;536;661;...;...;...;492;625;769;500;609;749;556;676;820;567;709;1010;435;571;700;453;539;656;533;644;728;446;553;671;455;580;721;695;901;1200;560;693;802;...;...;...;...;...;...;514;619;737;...;...;...;...;...;...;749;921;1172;...;...;...;823;1040;1199
abr/14;597;760;1014;595;756;1010;530;648;794;584;693;800;483;618;728;494;576;681;558;687;849;...;...;...;449;547;598;475;492;585;...;...;...;498;620;761;507;616;744;548;673;833;522;683;970;461;571;706;457;587;695;513;625;723;438;572;685;482;573;685;681;895;1181;568;693;802;740;855;990;...;...;...;490;622;733;...;...;...;581;737;866;753;923;1170;...;...;...;777;911;1200
mai/14;606;772;1034;603;769;1033;536;652;800;547;657;793;485;602;730;500;619;707;562;686;861;...;...;...;457;556;632;492;517;652;...;...;...;506;634;771;508;641;781;549;676;882;569;694;970;468;583;711;501;584;702;...;...;...;440;600;723;456;542;651;700;903;1200;588;697;809;727;797;993;...;...;...;518;643;736;...;...;...;...;...;...;757;923;1178;...;...;...;754;889;1081
jun/14;617;786;1058;615;783;1059;543;659;821;545;673;802;493;635;754;514;619;705;573;689;867;...;...;...;457;564;687;492;535;711;...;...;...;511;636;800;527;662;829;570;699;887;580;735;990;456;600;711;494;578;703;...;...;...;455;573;659;453;514;589;711;922;1232;596;692;797;692;786;1029;...;...;...;567;675;750;...;...;...;...;...;...;760;930;1135;...;...;...;757;888;1059
jul/14;632;806;1077;628;802;1079;543;664;832;525;674;821;494;625;766;511;605;680;574;702;882;...;...;...;484;567;687;505;642;795;...;...;...;522;647;835;543;688;843;578;681;886;624;800;1094;441;583;702;511;583;706;...;...;...;522;573;637;453;519;597;737;934;1263;586;684;825;...;...;...;...;...;...;548;615;750;...;...;...;...;...;...;808;952;1178;...;...;...;758;900;1040
ago/14;644;816;1094;642;815;1097;551;677;843;574;720;888;516;662;778;514;628;720;586;712;891;...;...;...;478;543;646;...;...;...;...;...;...;514;647;831;549;707;824;544;684;878;661;806;1106;442;556;644;519;609;711;...;...;...;507;563;656;447;515;565;741;952;1294;571;684;822;...;...;...;...;...;...;537;625;767;...;...;...;...;...;...;815;958;1172;...;...;...;778;902;1053
set/14;638;813;1090;636;811;1092;550;673;840;582;723;892;518;648;800;539;636;729;571;709;876;...;...;...;462;532;620;502;631;810;...;...;...;508;645;807;571;692;832;532;675;798;680;858;1114;448;575;674;466;560;657;...;...;...;493;593;698;453;518;614;741;954;1300;567;688;844;...;...;...;...;...;...;536;594;743;...;...;...;657;795;955;818;980;1206;635;781;900;792;898;1107
out/14;625;798;1049;619;794;1053;539;664;838;592;719;909;511;627;751;544;651;743;567;701;884;...;...;...;457;540;621;454;604;756;...;...;...;506;639;800;600;689;832;530;677;790;624;875;1112;459;573;687;457;508;628;...;...;...;493;597;715;444;516;566;727;933;1260;569;694;809;...;...;...;...;...;...;536;641;744;...;...;...;684;792;929;813;933;1158;714;832;906;806;880;1088
nov/14;616;791;1044;612;786;1045;532;659;837;525;684;883;496;617;749;526;623;744;569;705;886;...;...;...;460;523;606;482;555;712;...;...;...;512;649;789;572;690;833;566;677;785;651;866;1112;471;598;692;439;498;615;...;...;...;485;586;697;457;517;587;721;919;1229;562;676;796;...;...;...;...;...;...;526;618;711;...;...;...;636;794;912;800;932;1143;724;841;925;804;895;1093
dez/14;617;792;1036;612;787;1038;533;660;837;535;672;826;487;597;725;516;598;698;577;712;894;...;...;...;465;525;632;473;554;698;...;...;...;527;650;790;551;674;796;577;680;787;593;783;1088;490;596;697;452;547;657;...;...;...;494;577;703;461;524;592;728;914;1222;553;651;754;...;...;...;...;...;...;513;579;693;...;...;...;578;702;902;792;910;1139;784;871;960;802;909;1026
jan/15;620;796;1054;616;792;1056;542;669;842;523;639;812;488;596;724;502;574;687;580;724;904;...;...;...;472;531;646;517;579;755;...;...;...;526;644;775;528;655;770;568;679;781;589;791;1006;491;592;676;461;580;685;...;...;...;491;570;644;474;538;617;739;919;1252;543;644;744;...;...;...;...;...;...;516;579;666;...;...;...;...;...;...;779;922;1143;702;841;982;791;919;1075
fev/15;618;794;1047;615;791;1051;545;670;830;562;637;739;502;597;736;499;580;696;577;717;899;...;...;...;471;542;652;518;595;761;...;...;...;525;632;790;526;648;786;563;686;812;593;791;971;465;553;654;479;582;704;...;...;...;492;573;622;474;532;643;742;930;1268;544;642;755;...;...;...;...;...;...;511;581;687;...;...;...;596;682;805;755;902;1110;649;784;982;771;870;1027
mar/15;620;795;1048;616;793;1051;541;665;832;572;662;825;500;587;736;499;600;705;569;711;897;...;...;...;457;527;582;509;595;750;...;...;...;523;638;807;526;652;788;563;688;833;648;847;1019;471;550;645;474;553;698;...;...;...;461;582;663;474;552;701;746;938;1299;544;644;767;...;...;...;...;...;...;479;603;704;473;580;651;...;...;...;765;913;1088;648;760;843;798;899;1032
abr/15;625;800;1055;622;798;1056;543;663;833;562;663;831;503;603;749;506;599;697;572;707;887;...;...;...;454;531;603;509;595;714;...;...;...;524;652;811;521;645;789;574;702;838;652;852;1096;487;551;678;490;562;704;...;...;...;459;580;677;475;581;686;748;944;1293;559;659;790;...;...;...;...;...;...;477;612;693;527;606;661;639;766;927;760;918;1099;682;767;872;806;920;1033
mai/15;630;808;1074;627;805;1076;547;667;838;581;700;852;481;589;747;519;599;708;581;712;893;...;...;...;472;539;615;501;574;721;...;...;...;530;663;820;552;677;819;569;694;847;650;858;1119;510;586;690;499;573;720;423;509;659;454;585;699;486;560;676;757;956;1324;580;675;800;636;758;887;668;752;828;514;618;693;545;608;672;702;842;944;780;948;1133;732;799;952;838;942;1079
jun/15;631;811;1084;628;807;1085;547;670;845;568;663;815;480;587;749;515;591;709;585;714;907;...;...;...;474;548;615;535;603;727;...;...;...;529;653;808;566;681;819;562;677;824;658;835;1098;524;598;710;499;601;728;440;531;657;464;549;666;490;554;659;757;957;1324;590;693;827;659;770;879;653;759;860;541;624;707;...;...;...;682;842;944;771;936;1154;739;835;964;801;931;1075
jul/15;639;819;1109;637;817;1112;551;689;858;588;695;830;480;587;772;515;589;732;597;727;943;...;...;...;451;549;615;535;601;721;...;...;...;531;654;823;572;701;842;557;658;846;647;826;1082;518;596;716;501;598;712;447;543;660;467;556;680;489;552;648;763;976;1354;584;691;836;684;783;906;...;...;...;532;612;722;...;...;...;674;810;929;783;939;1166;740;845;975;796;930;1111
ago/15;641;823;1111;639;821;1114;556;690;872;600;720;820;495;605;773;525;598;725;593;735;964;...;...;...;486;556;645;537;610;697;...;...;...;530;647;800;567;663;796;550;654;833;648;819;1056;470;577;703;487;611;702;455;566;662;505;588;686;493;583;666;759;974;1344;581;691;817;716;808;980;...;...;...;544;610;727;552;629;691;652;759;917;804;940;1180;759;864;994;763;878;1080
set/15;642;827;1117;638;825;1119;557;684;868;600;727;860;510;629;757;537;609;708;593;730;970;...;...;...;486;558;629;529;584;694;...;...;...;526;655;833;558;694;863;563;681;846;637;851;1061;484;569;701;479;611;707;448;556;660;501;594;690;480;571;667;764;990;1366;581;705;852;762;855;1000;667;805;863;527;599;681;556;639;711;662;775;968;807;968;1187;757;888;1056;760;871;1086
out/15;641;827;1121;638;826;1123;560;679;874;562;728;854;515;649;768;540;612;707;594;733;970;...;...;...;487;567;634;521;575;705;529;597;659;521;654;812;569;694;832;576;685;848;611;841;1066;484;595;721;482;607;706;458;542;625;500;603;698;450;537;655;764;1000;1379;575;704;854;748;855;1007;...;...;...;513;597;683;...;...;...;673;862;1000;827;990;1204;752;838;1001;763;874;1093
nov/15;644;824;1111;641;821;1111;562;683;874;563;702;864;507;649;768;538;617;721;601;735;964;...;...;...;470;554;602;528;595;741;502;567;646;518;655;824;562;694;825;579;691;845;640;841;1089;484;576;704;484;579;702;475;542;628;481;580;690;446;519;633;769;982;1367;579;704;860;750;855;955;644;735;816;514;588;699;417;537;669;658;863;1000;826;994;1193;749;823;984;790;918;1127
dez/15;647;825;1123;645;822;1124;568;689;875;571;706;870;508;645;779;537;624;727;603;745;958;...;...;...;471;562;629;540;631;743;517;588;648;522;647;799;557;678;763;583;686;867;643;837;1121;482;582;712;480;573;688;496;553;636;488;599;689;432;510;611;771;984;1375;588;701;844;747;854;920;622;683;756;539;608;737;483;583;688;658;826;964;842;996;1199;750;817;928;833;944;1196
jan/16;647;822;1118;645;819;1119;571;692;866;603;719;865;504;632;767;539;637;750;602;738;954;...;...;...;472;563;640;582;657;755;513;586;642;535;647;791;553;661;754;582;685;865;658;821;1073;487;565;680;491;577;696;431;553;632;493;583;702;461;554;624;768;978;1376;588;696;810;702;796;895;588;674;732;561;667;752;524;628;695;656;789;960;823;980;1191;752;800;920;849;976;1179
fev/16;649;827;1130;647;825;1131;576;695;872;613;735;834;500;621;751;541;625;742;604;741;962;...;...;...;505;583;667;571;691;794;522;600;657;541;656;788;555;658;758;579;695;862;639;767;1001;523;602;722;503;626;721;486;573;683;488;583;703;456;543;668;771;1003;1400;597;697;802;693;789;909;589;679;758;561;671;755;536;645;709;637;782;940;810;961;1171;751;818;899;789;952;1173
mar/16;655;832;1125;654;829;1126;581;704;890;645;730;825;508;629;741;547;639;751;614;755;979;...;...;...;513;600;710;553;684;806;566;625;680;542;665;808;560;674;810;574;682;838;646;770;1006;525;604;734;510;633;744;497;582;694;486;578;736;489;583;667;771;990;1384;578;708;821;725;820;965;651;690;841;542;658;730;536;619;758;636;784;944;814;962;1197;750;847;958;767;938;1101
abr/16;659;836;1131;656;833;1134;581;704;884;653;725;855;524;639;752;550;639;753;614;756;973;...;...;...;518;611;710;523;610;741;570;624;680;541;667;822;572;702;848;564;687;848;652;780;1000;494;603;735;510;624;791;512;583;673;485;576;699;465;583;664;778;995;1392;584;713;831;726;834;990;674;743;846;543;662;742;515;602;717;633;780;919;814;961;1199;731;848;981;779;909;1092
mai/16;657;839;1134;655;836;1138;578;702;884;656;746;860;548;654;783;541;638;748;605;751;963;...;...;...;520;596;693;537;639;772;526;624;678;542;664;834;580;704;840;561;684;864;690;808;1086;473;581;709;481;605;739;490;573;645;491;581;688;467;556;633;779;991;1390;572;707;827;708;823;977;679;748;847;540;619;719;511;602;710;652;822;1019;819;980;1200;726;843;993;790;906;1060
jun/16;656;840;1146;654;839;1150;579;702;888;646;744;906;550;667;808;543;635;748;603;746;954;...;...;...;517;593;687;564;687;801;515;597;655;542;664;834;583;697;811;568;702;905;642;800;1070;486;576;699;529;640;745;476;555;614;491;585;689;448;550;651;781;1006;1418;574;696;822;700;826;995;690;751;845;549;605;705;525;625;736;644;820;1020;824;986;1218;722;797;948;793;900;1051
jul/16;658;845;1147;656;843;1152;576;704;891;620;728;829;548;666;818;541;638;739;603;755;969;...;...;...;502;577;660;549;694;809;510;578;655;544;664;834;598;700;809;577;705;931;624;800;1065;510;604;712;505;640;727;469;568;646;485;586;705;454;547;647;785;1007;1424;567;687;834;737;831;1006;693;772;887;530;592;677;573;706;760;645;820;1019;847;1013;1249;723;800;925;793;885;1016
ago/16;662;852;1170;660;851;1175;581;708;894;614;726;843;546;666;821;567;648;784;613;756;982;...;...;...;491;574;653;548;684;769;544;586;683;543;661;820;588;681;809;571;687;960;603;791;1031;513;622;742;505;627;725;516;576;680;485;601;735;472;582;669;787;1027;1468;578;685;838;743;840;1094;696;753;858;533;594;677;600;675;740;645;805;958;875;1027;1324;733;803;951;778;897;1014
set/16;666;857;1173;663;856;1181;585;707;898;619;727;854;545;664;816;557;652;766;620;764;994;...;...;...;500;583;662;536;631;734;542;580;668;545;667;832;609;706;875;564;685;892;615;794;1037;520;637;750;503;626;750;527;584;678;480;601;733;479;586;667;789;1028;1484;577;684;842;734;850;1149;...;...;...;508;586;670;592;635;710;661;807;974;877;1034;1333;741;817;960;796;905;1026
out/16;668;860;1176;667;859;1180;591;713;907;639;735;876;563;675;826;557;639;762;625;768;995;...;...;...;509;587;667;551;657;744;522;578;646;550;671;832;587;692;857;577;682;869;631;796;1070;537;644;767;483;635;746;514;573;677;495;630;736;469;589;688;789;1036;1484;581;684;859;735;880;1293;604;729;818;545;626;705;550;613;675;648;762;1003;851;1012;1290;752;850;985;788;917;1074
nov/16;676;870;1191;673;868;1195;601;726;923;635;730;853;560;677;805;558;643;762;637;788;1005;...;...;...;528;603;667;538;655;757;499;566;618;565;690;859;615;724;876;593;696;873;652;813;1074;538;638;766;523;627;753;491;591;702;469;631;736;465;578;702;796;1044;1495;590;694;877;786;887;1156;597;697;834;566;641;732;508;600;735;626;762;1016;854;1017;1262;741;858;960;809;940;1143
dez/16;684;879;1200;682;877;1203;604;735;935;652;741;909;568;686;819;559;647;762;645;796;1016;...;...;...;520;593;663;535;660;775;500;577;657;568;694;866;616;730;890;601;710;888;657;828;1089;533;628;767;529;644;775;511;611;714;487;627;735;466;582;705;803;1055;1519;596;696;879;809;887;965;572;717;824;568;641;718;...;...;...;642;792;1037;848;1011;1229;778;904;990;830;954;1174
jan/17;689;885;1218;686;882;1222;606;747;955;626;754;960;554;688;811;565;660;771;650;808;1028;...;...;...;531;598;669;546;660;758;511;579;662;573;696;860;621;735;889;620;698;864;651;824;1111;524;622;744;562;669;796;529;620;722;494;593;716;486;574;701;817;1065;1562;604;711;882;781;885;943;579;697;831;566;638;693;552;642;752;706;875;1080;852;1024;1261;769;907;965;812;971;1174
fev/17;692;893;1220;690;891;1225;601;749;958;625;792;960;554;686;812;547;636;752;647;801;1041;...;...;...;522;596;671;549;671;810;540;591;668;570;695;864;615;702;844;627;717;927;628;806;1120;505;623;769;544;683;814;525;613;708;531;597;724;491;573;699;831;1076;1577;593;709;886;781;888;943;593;696;833;540;608;677;553;660;750;753;914;1097;839;1033;1302;744;914;991;809;955;1129
mar/17;694;897;1225;692;896;1231;604;754;955;626;801;966;557;695;812;549;638;752;648;806;1051;...;...;...;510;600;664;526;604;778;530;592;669;573;694;866;618;721;843;640;714;947;650;823;1142;526;623;763;531;656;824;531;609;696;530;600;724;493;574;686;840;1086;1598;591;717;878;781;889;992;604;712;842;536;607;706;553;643;737;704;850;1065;855;1047;1340;740;873;960;804;945;1112
abr/17;703;903;1232;700;902;1237;611;758;953;658;807;970;584;705;812;548;646;762;652;810;1048;...;...;...;502;600;661;526;633;782;531;593;683;572;698;882;626;730;855;621;732;974;661;858;1146;525;628;776;509;600;797;515;573;688;524;627;723;492;580;695;838;1087;1588;588;717;864;781;883;1022;641;737;839;506;598;718;523;651;739;690;811;973;881;1055;1325;762;873;973;808;945;1118
mai/17;708;904;1243;705;903;1249;619;763;959;709;842;1008;592;716;823;559;668;782;660;818;1047;...;...;...;497;600;661;526;581;706;539;625;715;573;707;891;643;755;886;607;710;949;668;874;1189;533;634;785;506;664;815;526;584;692;500;609;711;497;616;721;837;1089;1611;609;727;861;780;875;1026;674;777;848;523;643;727;527;640;770;690;812;973;899;1059;1332;769;868;972;805;961;1121
jun/17;710;905;1252;708;904;1261;622;766;971;683;830;1002;593;733;829;565;679;799;660;819;1066;...;...;...;500;593;674;549;642;745;560;632;718;572;708;882;638;747;889;595;727;886;665;850;1187;542;662;803;526;667;807;526;599;695;503;605;722;498;615;760;837;1089;1604;609;731;886;752;878;1044;673;777;870;553;663;740;505;615;764;678;850;1044;906;1071;1345;800;892;986;811;979;1148
jul/17;714;911;1273;710;910;1279;625;769;969;701;811;1000;587;744;845;570;679;800;661;819;1072;...;...;...;517;605;699;544;642;770;599;661;761;580;716;894;645;758;887;595;723;892;679;866;1219;545;672;840;540;679;845;539;620;694;509;603;728;505;614;754;844;1105;1626;594;724;893;759;878;1035;672;754;864;569;652;744;542;605;736;649;868;1073;893;1071;1340;789;880;1008;822;980;1179
ago/17;717;917;1278;714;916;1283;635;773;983;699;806;983;598;743;849;578;678;800;678;827;1087;...;...;...;535;609;695;575;644;821;585;636;719;584;713;883;650;761;886;586;718;887;681;846;1151;566;686;834;554;669;800;548;630;691;510;613;737;500;595;713;852;1119;1648;588;731;905;758;883;1067;655;731;892;553;637;750;...;...;...;666;854;1034;889;1079;1362;786;910;1039;841;968;1224
set/17;727;935;1300;724;932;1306;639;778;987;699;811;962;587;723;865;577;678;801;686;836;1080;...;...;...;551;625;718;542;649;819;593;648;739;593;726;908;653;771;885;591;740;996;695;872;1131;555;694;854;568;683;817;528;593;667;508;621;727;533;621;733;873;1144;1696;592;734;892;748;895;1098;...;...;...;560;646;769;...;...;...;674;854;993;895;1090;1376;787;914;1047;847;968;1264
out/17;729;935;1306;725;934;1308;645;780;991;692;816;960;585;724;867;603;690;800;694;838;1084;...;...;...;546;622;711;539;646;777;562;646;731;600;730;904;648;756;876;610;744;993;684;841;1146;578;706;853;554;683;845;531;609;693;493;630;733;534;639;765;877;1146;1704;618;737;888;747;880;1067;599;716;892;561;669;771;574;621;726;668;813;972;921;1127;1417;784;895;1004;856;985;1297
nov/17;733;941;1310;730;939;1312;645;788;988;687;840;1017;583;730;867;605;699;802;687;840;1074;...;...;...;546;626;712;526;656;801;561;654;775;605;743;925;657;757;886;624;761;1000;701;877;1200;579;718;862;568;694;882;530;635;737;509;633;739;501;627;766;881;1147;1731;610;732;889;721;883;1045;567;714;804;575;678;783;550;603;754;668;859;995;931;1128;1400;821;920;1070;859;1026;1306
dez/17;734;945;1323;732;944;1328;650;792;996;687;816;986;610;733;876;603;700;802;689;842;1077;...;...;...;535;627;710;560;676;841;544;643;757;603;739;927;663;759;912;617;735;927;693;903;1224;577;714;854;555;672;880;558;656;773;540;666;778;497;603;736;880;1156;1764;610;734;900;824;938;1075;635;716;850;571;668;775;525;597;751;668;859;1000;938;1125;1419;798;915;1052;838;1016;1317
jan/18;737;958;1352;735;957;1356;655;800;1016;688;814;947;605;727;869;613;709;833;694;859;1100;...;...;...;531;641;720;581;678;864;552;647;759;600;739;941;666;773;926;618;762;962;673;914;1180;571;707;863;558;675;860;602;680;784;537;636;760;501;596;705;894;1179;1815;610;744;931;821;959;1120;636;690;801;594;675;772;529;593;742;800;978;1097;931;1115;1398;829;973;1098;825;991;1284
fev/18;744;967;1361;741;966;1366;656;807;1034;704;840;968;606;738;899;617;724;853;700;877;1127;...;...;...;531;638;718;601;703;845;580;655;754;591;736;934;649;767;911;618;767;963;657;868;1163;545;696;859;548;646;817;611;709;787;528;629;766;507;603;694;908;1187;1816;604;734;917;760;932;1078;656;760;918;565;652;763;532;594;723;820;1010;1154;932;1131;1414;812;946;1057;840;987;1238
mar/18;750;973;1360;747;972;1365;665;820;1048;709;848;976;603;742;904;636;733;862;705;890;1161;575;663;853;538;632;718;562;680;799;579;669;771;598;743;945;659;767;934;632;778;983;671;871;1162;570;705;855;548;653;872;593;706;779;512;599;744;511;609;765;910;1179;1803;600;722;908;704;847;1061;658;790;946;563;639;754;541;625;729;822;1000;1129;940;1165;1439;826;980;1102;867;1007;1238
abr/18;755;978;1367;752;977;1373;668;822;1051;704;833;972;608;752;913;638;713;836;710;890;1158;572;698;848;561;650;726;539;696;816;581;657;783;600;743;940;662;773;951;639;783;993;663;867;1132;550;700;841;520;649;895;576;667;773;534;635;777;516;604;770;915;1179;1812;608;730;912;700;860;980;658;800;950;550;642;757;543;654;788;748;1008;1127;958;1184;1494;819;934;1134;892;1024;1211
mai/18;760;984;1388;758;984;1394;674;830;1055;693;811;962;622;759;915;634;711;839;718;899;1160;651;727;856;573;655;758;556;692;838;600;724;799;606;746;945;675;785;970;647;783;1010;667;850;1137;559;700;848;531;696;893;573;658;746;548;645;769;531;620;786;921;1183;1848;623;740;929;724;875;996;661;807;991;577;659;794;565;649;771;725;944;1081;976;1194;1509;834;938;1098;884;1049;1261
jun/18;767;991;1396;765;990;1400;679;835;1053;710;847;1020;643;772;923;634;712;843;719;896;1146;628;722;917;589;662;741;582;695;823;636;725;810;612;748;936;676;776;949;650;782;1009;671;853;1158;580;728;882;543;703;892;582;659;748;547;659;789;538;624;737;934;1205;1858;638;770;949;772;893;1045;682;835;981;587;684;822;571;673;779;743;961;1051;1000;1207;1513;832;952;1082;886;1069;1279
jul/18;773;1000;1400;771;1000;1407;682;843;1069;734;867;1043;649;795;960;623;728;855;722;907;1169;654;719;789;594;654;735;593;705;864;657;719;767;621;755;943;680;780;946;670;783;1009;689;861;1176;588;719;873;558;733;905;573;628;724;526;649;784;542;636;753;941;1211;1864;650;771;942;785;917;1059;721;847;954;596;692;801;574;654;769;745;947;1049;1001;1225;1558;841;960;1077;881;1052;1313
ago/18;780;1009;1427;778;1009;1437;689;849;1083;753;841;1010;664;810;983;634;733;857;732;916;1188;648;717;783;596;654;714;584;680;849;601;710;810;628;764;957;694;786;930;674;786;1027;696;902;1178;615;720;891;578;732;922;571;623;711;506;667;815;543;646;754;956;1241;1877;662;783;951;800;934;1089;770;863;952;609;700;794;573;678;777;747;928;1064;1010;1265;1591;817;960;1077;898;1047;1304
set/18;787;1019;1453;783;1020;1464;698;856;1100;736;822;946;677;810;999;638;742;879;739;925;1218;...;...;...;597;652;738;583;714;871;587;708;791;630;778;973;705;812;962;674;790;1100;717;904;1222;611;733;920;548;719;908;582;634;729;536;685;830;531;636;760;960;1249;1893;663;794;970;838;947;1094;766;869;1007;633;702;808;579;658;732;739;968;1131;1023;1277;1609;817;991;1088;886;1003;1254
out/18;795;1033;1477;794;1034;1490;705;864;1112;728;827;967;683;797;974;651;752;899;753;931;1227;...;...;...;579;650;741;632;726;904;589;678;805;636;786;996;716;825;991;666;812;1076;713;910;1262;633;768;945;569;718;902;590;674;737;568;695;877;529;632;763;965;1260;1907;656;799;986;856;980;1122;797;882;1007;608;709;809;602;664;777;765;983;1137;1056;1321;1633;772;1026;1125;873;1006;1212
nov/18;795;1034;1473;792;1034;1484;708;868;1102;716;876;1063;682;797;971;654;758;904;756;928;1216;...;...;...;579;658;773;657;757;910;583;647;723;636;777;989;684;819;968;668;783;1050;720;921;1274;654;777;943;561;703;883;585;667;737;571;673;804;537;650;788;969;1259;1910;640;765;958;857;962;1052;652;789;963;604;700;807;596;667;772;732;1036;1288;1038;1311;1625;871;1034;1156;871;1003;1211
dez/18;805;1041;1485;802;1040;1494;712;879;1102;725;887;1075;691;816;964;659;759;897;768;940;1208;...;...;...;588;666;758;658;775;916;550;635;722;635;774;975;696;826;984;687;830;1045;694;919;1224;650;758;928;602;722;878;554;680;757;560;648;771;536;655;778;983;1278;1938;638;760;958;856;976;1059;649;747;836;606;694;799;620;698;773;715;938;1200;1037;1316;1646;886;1055;1159;891;1056;1269
jan/19;807;1046;1492;805;1047;1503;719;880;1102;731;870;1037;701;839;982;656;767;906;767;941;1216;...;...;...;604;686;773;659;780;918;584;652;757;629;776;978;671;836;982;672;834;1045;706;926;1220;643;769;924;611;738;903;542;630;762;558;639;763;527;654;776;1000;1293;1961;646;755;955;859;976;1124;662;726;839;619;696;802;554;699;769;688;908;1200;1035;1311;1648;853;986;1116;896;1045;1263
fev/19;821;1068;1536;819;1069;1549;732;891;1137;740;876;1002;717;847;997;654;781;915;773;954;1276;...;...;...;604;689;769;642;780;924;585;707;811;633;787;989;696;845;1028;691;837;1044;721;949;1289;632;759;913;616;738;903;541;657;810;536;649;769;511;631;763;1010;1307;1983;654;774;968;831;970;1153;682;794;899;629;714;812;566;697;766;720;956;1192;1064;1347;1673;861;1023;1128;895;1081;1310
mar/19;825;1082;1542;823;1083;1553;734;904;1169;753;880;1017;730;872;1035;652;783;931;778;970;1310;...;...;...;601;689;784;629;753;910;588;691;807;636;792;1023;675;845;1040;675;803;1097;720;964;1298;625;766;944;633;764;940;572;666;789;554;662;776;534;637;763;1011;1317;1969;658;778;963;855;949;1163;693;823;985;628;703;806;556;677;766;782;971;1247;1079;1356;1678;837;1038;1157;889;1065;1307
abr/19;834;1097;1550;832;1098;1558;741;925;1201;731;880;1025;749;897;1049;656;793;961;792;1000;1335;...;...;...;600;678;779;622;746;900;573;669;803;645;793;1025;682;841;1057;684;802;1117;721;961;1287;639;765;968;595;734;855;609;732;841;554;673;814;571;650;761;1013;1331;1978;665;791;962;824;936;1133;744;833;983;631;706;821;588;687;771;782;982;1247;1106;1379;1720;912;1054;1203;905;1100;1401
mai/19;846;1108;1548;844;1111;1557;757;944;1213;720;889;1038;786;916;1074;673;785;953;813;1028;1355;...;...;...;591;678;795;622;764;895;620;700;803;646;806;1053;697;864;1093;678;804;1104;731;956;1332;632;796;985;627;749;897;642;708;811;557;657;828;576;681;811;1018;1333;1976;672;806;979;869;967;1109;783;876;980;631;708;831;594;680;766;764;992;1235;1121;1360;1668;885;1017;1211;912;1063;1312
jun/19;854;1115;1553;852;1117;1562;759;948;1218;710;903;1089;771;904;1052;679;793;950;825;1032;1369;...;...;...;599;685;787;637;783;891;635;712;855;655;816;1039;715;881;1070;691;845;1104;739;950;1339;645;797;951;607;746;927;649;708;801;543;660;840;575;690;826;1028;1336;1985;682;815;990;814;952;1087;781;877;995;640;738;855;600;677;756;739;1000;1230;1132;1379;1680;857;1026;1213;932;1085;1353
jul/19;870;1130;1579;867;1132;1588;771;953;1221;769;964;1158;776;911;1066;684;796;940;831;1036;1368;...;...;...;618;706;797;631;800;871;653;728;859;662;828;1055;756;890;1067;708;881;1129;743;952;1363;653;797;923;619;760;977;642;702;787;543;668;867;521;626;814;1046;1364;2000;684;830;1000;859;990;1109;778;867;1000;615;753;867;600;693;780;775;1000;1192;1132;1386;1677;906;1100;1232;927;1072;1309
ago/19;875;1136;1596;872;1136;1602;776;959;1233;766;979;1163;774;914;1064;702;808;942;837;1049;1368;...;...;...;637;712;794;630;804;872;641;800;876;664;829;1044;743;884;1055;720;892;1175;728;937;1303;671;791;930;614;749;957;639;703;788;526;686;906;501;595;734;1060;1383;2007;695;821;1000;803;965;1084;755;856;962;627;738;852;599;720;780;810;1039;1266;1134;1393;1726;966;1108;1284;960;1149;1341
set/19;885;1151;1624;882;1152;1636;788;973;1246;738;937;1137;796;937;1083;714;828;970;852;1061;1383;...;...;...;639;730;837;631;806;872;649;770;876;667;833;1058;739;880;1050;730;892;1152;728;967;1331;670;780;939;633;751;991;643;703;821;535;684;911;501;597;723;1077;1409;2018;690;813;1000;808;989;1108;753;844;960;652;746;852;619;701;777;785;973;1248;1139;1404;1733;965;1097;1284;957;1148;1333
out/19;886;1155;1627;885;1156;1635;788;975;1247;722;916;1129;791;923;1079;712;833;977;864;1059;1401;...;...;...;625;713;835;658;777;858;635;736;847;672;838;1056;743;888;1057;743;894;1143;735;972;1330;675;780;941;614;744;969;604;697;844;583;722;888;535;625;803;1089;1410;2045;683;806;1015;807;969;1080;752;856;962;657;746;858;581;672;756;783;1015;1271;1180;1421;1764;983;1113;1278;964;1149;1347
nov/19;896;1169;1632;895;1170;1639;792;981;1260;697;914;1118;800;936;1088;721;846;1004;872;1066;1422;680;816;924;615;707;839;663;781;922;613;722;849;678;848;1066;755;901;1068;769;908;1156;745;1022;1321;674;786;946;590;748;971;561;682;836;588;715;887;550;661;834;1102;1426;2043;686;827;1036;838;994;1138;752;893;1049;647;744;875;582;690;812;788;1054;1267;1188;1442;1789;983;1113;1278;941;1139;1372
dez/19;903;1183;1644;902;1185;1651;795;989;1268;706;914;1151;795;935;1083;712;825;995;879;1082;1438;646;771;870;620;712;834;656;774;933;620;737;865;682;855;1079;774;918;1093;747;927;1216;757;1004;1337;680;810;991;591;765;970;538;678;817;588;714;862;556;684;834;1116;1441;2078;695;846;1069;871;1021;1168;759;888;1110;646;746;874;595;696;828;846;1118;1267;1200;1437;1785;1010;1138;1372;931;1120;1399
jan/20;914;1200;1667;913;1200;1674;807;1002;1290;713;901;1095;805;955;1106;718;825;986;892;1108;1453;620;699;848;638;742;875;648;780;959;611;768;878;680;854;1095;774;917;1093;739;937;1230;772;1009;1357;672;822;1012;604;781;1002;552;678;791;560;684;844;547;695;821;1132;1466;2109;721;885;1118;939;1097;1263;759;900;1070;647;759;883;599;699;820;900;1144;1281;1193;1428;1806;975;1143;1385;925;1126;1406
fev/20;920;1208;1680;918;1210;1690;817;1008;1296;766;907;1095;804;956;1110;724;851;1003;897;1111;1452;613;699;823;660;772;875;641;755;965;600;736;871;682;849;1088;768;907;1106;729;918;1172;766;978;1378;681;846;1049;633;787;993;588;705;796;561;691;821;556;693;803;1147;1487;2133;710;859;1098;953;1097;1290;733;826;997;668;762;887;605;732;820;873;1129;1278;1196;1441;1821;961;1110;1384;951;1143;1461
mar/20;922;1209;1676;920;1211;1685;826;1014;1300;798;928;1095;803;967;1131;727;863;1012;906;1115;1449;610;683;815;663;766;878;625;761;938;612;736;864;690;846;1087;770;907;1102;740;894;1138;783;985;1409;681;831;1010;634;772;987;601;725;804;556;697;836;568;693;802;1157;1493;2133;702;859;1089;980;1100;1280;695;819;950;658;741;885;586;692;804;799;1070;1272;1200;1450;1822;989;1126;1373;957;1164;1478
;;;;;;;;;;;;;;;;;;;;;;;;;;;;;;;;;;;;;;;;;;;;;;;;;;;;;;;;;;;;;;;;;;;;;;;;;;;;;;;;;;;;;;;;;;
;Notas:;;;;;;;;;;;;;;;;;;;;;;;;;;;;;;;;;;;;;;;;;;;;;;;;;;;;;;;;;;;;;;;;;;;;;;;;;;;;;;;;;;;;;;;;;
;            (1) Corresponde ao valor observado no percentil 25, tendo por base a ordenaá∆o crescente do valor por metro quadrado das avaliaá‰es banc†rias de habitaá∆o.;;;;;;;;;;;;;;;;;;;;;;;;;;;;;;;;;;;;;;;;;;;;;;;;;;;;;;;;;;;;;;;;;;;;;;;;;;;;;;;;;;;;;;;;;
;            (2) Corresponde ao valor mediano das observaá‰es da avaliaá∆o banc†ria de habitaá∆o.;;;;;;;;;;;;;;;;;;;;;;;;;;;;;;;;;;;;;;;;;;;;;;;;;;;;;;;;;;;;;;;;;;;;;;;;;;;;;;;;;;;;;;;;;
;            (3) Corresponde ao valor observado no percentil 75, tendo por base a ordenaá∆o crescente do valor por metro quadrado das avaliaá‰es banc†rias de habitaá∆o.;;;;;;;;;;;;;;;;;;;;;;;;;;;;;;;;;;;;;;;;;;;;;;;;;;;;;;;;;;;;;;;;;;;;;;;;;;;;;;;;;;;;;;;;;
;;;;;;;;;;;;;;;;;;;;;;;;;;;;;;;;;;;;;;;;;;;;;;;;;;;;;;;;;;;;;;;;;;;;;;;;;;;;;;;;;;;;;;;;;;
;? Valor confidencial;;;;;;;;;;;;;;;;;;;;;;;;;;;;;;;;;;;;;;;;;;;;;;;;;;;;;;;;;;;;;;;;;;;;;;;;;;;;;;;;;;;;;;;;;
